{
  "version": 1,
  "author": "Wejdan",
  "editor": "wokwi",
  "parts": [
    { "type": "wokwi-esp32-devkit-v1", "id": "esp", "top": 0, "left": 0, "attrs": {} },
    {
      "type": "wokwi-led",
      "id": "led1",
      "top": -33.07,
      "left": -151.4,
      "attrs": { "color": "red" }
    }
  ],
  "connections": [
    [ "esp:TX0", "$serialMonitor:RX", "", [] ],
    [ "esp:RX0", "$serialMonitor:TX", "", [] ],
    [ "esp:D25", "led1:A", "green", [ "h-132.5", "v-84.23" ] ],
    [ "esp:GND.2", "led1:C", "black", [ "h-141.83", "v-145.27" ] ]
  ],
  "dependencies": {}
}